Abela,Gerladina,767-486-7126
Abelov,Leandra,120-691-1578
Abrahamovitz,Lauralee,942-229-2022
Abramamovh,Geoffry,571-626-7911
Abramow,Muhammad,809-393-6256
Abry,Adiana,923-561-1253
Adamovicz,Morgen,824-162-8971
Afield,Dal,917-265-1522
Aime,Cynthy,197-967-5209
Aizikovich,Sergio,814-843-0669
Alabaster,Margit,594-724-5304
Albury,Vanni,320-187-1933
Aleksidze,Bertrando,536-854-7805
Alker,Eden,753-255-4754
Allone,Leon,917-638-0951
Aloshikin,Ricky,325-837-8007
Americi,Evangelia,111-714-1999
Andresser,Guglielma,428-261-3513
Andrey,Clo,219-801-9852
Andriesse,Em,202-733-2232
Andrioni,Vanna,992-161-2259
Angelo,Augie,646-205-0894
Anney,Chelsea,843-935-3801
Antognetti,Ailis,197-327-4030
Antonov,Verile,117-667-5891
Antonsen,Dorene,814-734-1904
Aphale,Joni,512-808-0096
Apple,Augie,215-220-6212
Ariss,Emmy,934-768-3043
Arkin,Kit,784-253-7006
Armor,Britt,400-861-0823
Arnaudot,Rae,979-211-5643
Arnout,Garrott,317-302-2983
Arntzen,Rodie,182-838-8049
Aronowitz,Damian,355-700-6789
Arundell,Belinda,848-846-5898
Assinder,Perice,309-950-1109
Astin,Britta,468-197-3667
Attlee,Samson,630-115-9294
Averies,Ferdinande,373-299-8161
Avramovich,Brodie,168-289-6692
Awmack,Rip,398-112-7006
Axup,Bjorn,605-935-1260
Aylmore,Bartholomeus,719-871-0690
Babb,Buiron,754-874-8787
Babbs,Catina,813-978-6223
Badsworth,Grannie,461-564-8955
Balbeck,Ezri,572-136-4937
Baldcock,Stanfield,226-260-9601
Balden,Norrie,251-361-6332
Balfe,Jorrie,623-104-9146
Balint,Reeta,504-296-0114
Balnave,Carleen,847-217-0556
Baress,Merrill,826-311-2849
Barfoot,Kip,736-138-1310
Barrabeale,Cleve,803-555-6667
Bartalini,Jed,977-646-4000
Bartczak,Vin,760-878-2407
Barthrop,Luz,753-415-0830
Barwood,Mill,939-324-4636
Bate,Netti,295-976-3708
Batman,Dav,224-689-8675
Bauer,Idaline,454-198-5503
Baughen,Tommy,632-833-3298
Bausmann,Byrom,428-333-3767
Bazelle,Nikolaos,758-802-6567
Beaconsall,Cordy,169-535-3148
Beament,Chryste,508-979-2248
Beeckx,Michael,676-423-1864
Beggi,Duane,949-950-2340
Belchamp,Dani,347-123-8334
Belchem,Iain,442-714-4866
Bellefonte,Mahala,860-445-3388
Bellingham,Laverne,493-935-0234
Bendley,Koralle,497-861-9611
Benneyworth,Marrissa,891-760-0843
Bensen,Sybille,798-306-4009
Berens,Roxanna,120-767-4003
Bernaert,Carmita,333-841-1614
Besnard,Dulcea,492-996-4206
Beynon,Jenny,874-746-7972
Billows,Grata,527-886-2900
Bilson,Gregoire,446-625-7524
Bisseker,Lyda,752-864-0212
Blackaby,Trey,776-922-6143
Blackden,Conny,869-906-4739
Blagden,Westbrooke,923-254-8317
Blamey,August,406-743-9456
Blare,Patti,436-227-5384
Blazy,Hyacintha,214-803-3584
Bleas,Eugenie,509-983-2070
Blesdill,Johnna,487-182-8366
Boddie,Dunstan,355-936-0589
Bodell,Angel,182-517-7306
Bon,Esme,895-551-9566
Boncoeur,Adena,591-707-4920
Bonicelli,Sherlock,426-605-1453
Borthram,Levin,620-763-2827
Bortolazzi,Timofei,670-766-7894
Boshier,Arney,938-746-8963
Bourrel,Thibaud,536-457-8304
Bowdrey,Peadar,994-185-6575
Bowfin,Anastasie,979-879-9335
Brabyn,Mirelle,594-262-4922
Bradder,Michelle,876-649-0042
Bradford,Filide,650-407-4159
Bradock,Cathrine,763-925-6278
Bramhall,Viole,328-927-1748
Brammall,Avril,681-909-9083
Brandino,Vicky,112-184-0679
Brasner,Nari,484-373-4781
Braybrooke,Sula,595-260-8340
Bridal,Monte,978-372-2031
Bris,Rey,988-799-5589
Brotheridge,Gordan,747-877-5670
Bruckner,Dosi,978-181-0492
Brundill,Ilyssa,975-505-4642
Brunker,Tyne,615-738-8357
Bullier,Zelma,815-760-3548
Bulpitt,Decca,225-607-6018
Bunner,Clementius,444-809-9132
Bunton,Pascale,140-198-4267
Burnage,Ailis,230-228-9025
Burnside,Jonell,824-674-0331
Burth,Ines,957-413-3417
Bussens,Farrell,214-744-8208
Byers,Hetti,710-839-1184
Bywater,Briney,555-995-8528
Caberas,Stanleigh,366-315-3485
Cadany,Godfrey,324-866-0975
Cage,Aguistin,999-752-9617
Callander,Calvin,548-904-7617
Callery,Blakeley,278-145-6736
Calvert,Noel,542-869-0943
Camfield,Clarisse,661-967-3734
Cancellor,Alejandrina,219-102-5694
Canedo,Dulce,846-314-0200
Canlin,Killy,908-931-5892
Capponeer,Giulia,393-977-8451
Cardinale,Lela,544-591-5914
Carine,Brook,348-701-7365
Carnow,Farica,534-382-6732
Casarini,Cassandre,792-962-5518
Casbourne,Dewain,365-253-7218
Cassels,Daron,916-758-3128
Castagneto,Steffi,157-710-2467
Castro,Van,116-351-7457
Catling,Nicko,483-978-3240
Cecchi,Joye,608-758-1857
Chable,Donaugh,315-112-4779
Chadbourn,Adria,440-408-9415
Chalfant,Gerti,836-225-6529
Charleston,Opaline,558-566-8456
Charley,Bertrand,721-197-3054
Chasteau,Steffie,817-671-5316
Chastey,Denna,188-968-8169
Chateau,Cyndie,203-329-2173
Chatwin,Morissa,692-350-6414
Chiese,Tim,371-537-8493
Chillingworth,Adan,558-142-7286
Chippendale,Mariette,154-683-3666
Churm,Cam,356-414-7829
Ciubutaro,Zachary,558-436-1024
Clearley,Damian,231-486-8026
Clewlowe,Fin,513-129-8202
Clougher,Minnie,259-235-3293
Coatsworth,Tris,462-855-7352
Cogle,Timmi,707-498-3546
Cokly,Daffy,271-783-7174
Coldridge,Gates,239-906-7262
Coldwell,Gav,418-259-0392
Collick,Giana,273-369-4070
Collumbell,Kiley,131-519-0557
Colnett,Tori,928-644-1640
Conan,Ferdinand,665-589-2699
Conniam,Merrill,416-966-6563
Connochie,Dallas,494-418-0735
Coole,Brett,327-325-7513
Coping,Arlie,103-186-2436
Copson,Flor,456-170-4615
Corbin,Art,532-718-1296
Cornelisse,Guido,995-493-7466
Corpes,Osborn,294-349-9466
Corroyer,Peta,806-672-2205
Corstan,Benn,611-408-2632
Cotterrill,Bertie,448-387-3271
Cowdrey,Laurie,815-889-0622
Crawcour,Analise,328-415-4866
Crease,Krysta,850-422-1139
Cree,Chastity,390-684-3263
Creebo,Ozzie,148-957-9210
Creffield,Colas,553-651-1342
Crichten,Portia,909-889-9409
Cristofalo,Evie,756-325-1415
Critchley,Darcy,444-109-2836
Crocker,Zitella,662-489-2356
Croll,Teriann,197-766-5146
Cryer,Roxane,804-503-5621
Cullimore,Melinde,126-849-9978
Cullotey,Vale,374-600-7430
Culwen,Albert,773-104-3826
Culwen,Shana,611-426-6112
Cumberledge,Lynn,995-423-8642
Currington,Lindsey,244-329-2933
Cushworth,Leonhard,118-360-0269
Cust,Kirstyn,940-926-2210
Cuthbertson,Joye,639-413-7948
Czajkowski,Ninette,667-773-1419
Dadge,Sebastian,971-273-1535
Dagnan,Logan,482-405-0422
Daine,Donnie,528-620-9381
Dalinder,Ryan,506-643-4047
Dallas,Felecia,841-185-3507
Danilchenko,Darby,647-479-2932
Dansie,Lissi,382-538-8860
Dansken,Horton,452-873-5719
Darell,Hildagard,114-933-9741
Dargie,Maureene,209-549-3434
Dauncey,Reilly,425-967-1177
Dauney,Cos,375-738-5589
Daviddi,Darci,729-174-7550
De Biasi,Joanna,987-887-7084
De Goey,Barr,180-956-3852
De Hooch,Leola,337-450-1880
De Pietri,Trude,533-448-3991
Dearing,Samara,329-717-4758
Debrick,Carver,351-947-9090
Delwater,Otis,849-349-0138
Demko,Burty,229-160-9265
Deneve,Felike,696-275-8346
Dennes,Wilden,185-616-7460
Destouche,Brooke,455-898-4803
Devlin,Bentley,678-182-2294
Devonald,Christi,333-427-2849
Devoy,Hamish,435-483-3244
Dhillon,Delmer,304-487-3899
Di Biasio,Shadow,554-619-6622
Digby,Erhart,537-722-0404
Dillon,Amalita,545-411-5548
Dilon,Livia,214-542-8086
Dilston,Thaddeus,598-984-5660
Divell,Mareah,908-902-8134
Dmytryk,Dulcie,440-406-8514
Dobbie,Livvyy,465-456-2411
Dobell,Vaughn,201-776-8226
Dodsley,Janeva,244-115-1540
Dodswell,Brade,762-474-9540
Domelow,Hope,853-342-8363
Donat,Lindsey,744-262-2185
Dovidian,Darice,369-562-1528
Dowell,Caspar,188-137-9947
Downage,Casper,623-931-2635
Downs,Mendie,520-702-6171
Doxsey,Betsey,195-132-5093
Drable,Rolf,759-268-8880
Drage,Anastassia,807-158-4886
Dresche,Denna,195-267-4530
Driscoll,Dorian,756-554-0493
Dudderidge,Hugh,332-992-8446
Dunbobbin,Sindee,975-716-4183
Dunkley,Marlin,994-988-6492
Dunton,Quentin,983-178-2639
Durant,Gerhardt,972-677-3569
Durban,Jaimie,716-539-2102
Durtnall,Donovan,118-301-5996
Eakeley,Yorgo,717-700-0612
Eakin,Cecilia,754-279-0201
Eakin,Morry,848-280-1083
Easen,Bard,537-668-5614
Eastbury,Leroy,112-803-0547
Eckh,Catina,205-492-9836
Edland,Evangelina,437-286-3147
Elderbrant,Janka,952-666-6466
Elegood,Schuyler,944-922-7186
Ellard,Wendeline,405-324-8835
Eltun,Ellwood,781-276-2387
Enga,Lani,750-402-1022
Epinoy,Jazmin,933-614-0315
Epp,Oona,474-242-7333
Epsly,Verge,903-209-4630
Erdes,Gardy,760-393-0383
Errol,Willis,340-900-0752
Escoffrey,Laure,808-872-3519
Espine,Nichole,851-322-4110
Everton,Lesly,481-856-9852
Ewbank,Salim,221-873-4803
Exrol,Carena,634-595-7312
Eyre,Britteny,545-968-6557
Fallows,Lorens,727-790-1871
Farleigh,Lesli,196-709-0369
Farryann,Sophey,853-362-4395
Father,Charlene,918-407-3587
Fawlkes,Bradly,135-903-5970
Fawssett,Geordie,379-129-4283
Fearne,Gran,610-585-1997
Ferrant,Moses,201-447-6307
Ferronier,Gunner,224-483-2233
Fessier,Beret,501-345-4340
Fetter,Bryana,566-418-7326
Fielden,Urson,764-595-3946
Filewood,Glynis,789-304-0197
Filipic,Johnathan,389-384-9748
Filyukov,Westleigh,683-554-2264
Fintoph,Marleah,481-261-5388
Fittes,Melina,224-328-3942
Fluck,Rozamond,929-244-5155
Forseith,Alexei,355-804-8579
Fortye,Krystle,339-630-5515
Francescotti,Lib,909-488-9651
Francomb,Almeria,369-103-7626
Frankish,Van,485-708-3670
Freddi,Rhodia,124-982-2944
Freeman,Ardra,136-886-6139
Fridlington,Sharl,686-639-8423
Furley,Magdalene,101-979-5427
Gabbot,Ortensia,969-498-6162
Gagie,Emyle,294-694-3519
Gallager,Hirsch,670-920-5588
Galley,Carling,648-213-3535
Gamon,Timmy,210-668-9411
Gant,Camilla,294-787-0940
Garces,Tracie,765-798-1830
Garfath,Nicola,398-483-7692
Geekie,Berny,796-824-6757
Geldert,Ethel,806-759-8099
Geoghegan,Ainsley,868-427-9802
Georgescu,Easter,443-498-9259
Geraldi,Issi,143-470-8354
Gergolet,Angeline,672-516-1353
German,Tamarra,783-299-6028
Gerrish,Thorpe,262-818-1164
Ghidotti,Candida,826-720-3494
Gibbe,Dall,797-618-3836
Gibbens,Chandra,263-516-1039
Gillatt,Layne,651-636-9395
Gilligan,Fons,969-327-7079
Gimblett,Hal,206-763-7916
Gionettitti,Joyann,557-330-1431
Girt,Eirena,397-643-3120
Gladbeck,Hillery,176-731-6870
Gledstane,Carlota,891-741-0759
Glinde,Kean,646-638-5420
Godlip,Arline,274-784-0230
Goodburn,Stearne,636-103-0488
Goodere,Vilma,518-333-3232
Goodfield,Weider,451-413-4004
Gorhardt,Allina,252-127-0937
Gormley,Kristel,806-476-0705
Goseling,Vevay,406-440-9157
Goskar,Porter,472-526-6806
Gostridge,Rosalind,584-433-0075
Goullee,Kimmie,957-516-8602
Goundsy,Burgess,552-994-4224
Govenlock,Derrik,661-556-9572
Gowler,Leslie,498-893-4013
Grand,Conchita,226-799-1645
Grayshon,Sibelle,866-187-5931
Grealy,Roderick,470-862-0349
Greenhalf,Brandie,868-610-8187
Greenmon,Tish,562-667-4447
Gregoire,Demetris,995-879-7781
Gregolotti,Kennedy,786-845-0830
Gribbell,Jesselyn,331-874-3686
Grichukhanov,Clarabelle,264-287-1460
Grimsdell,Lynnea,623-384-0004
Grinaugh,Halley,276-462-1336
Grishaev,Pascale,701-685-8725
Grocock,Travers,939-271-3967
Gronowe,Valdemar,166-568-5165
Gudahy,Ruy,876-374-7953
Guillond,Arleyne,657-723-9991
Guillond,Gleda,116-669-6300
Guillond,Rory,959-321-2375
Gummery,Viviene,127-995-1606
Guys,Winn,610-561-9661
Gwioneth,Carey,396-718-3896
Gwynne,Boyce,571-636-0234
Gyurko,Brockie,779-249-7649
Haggarty,Olivette,554-336-6758
Haig,Carie,568-875-8794
Hailes,Zack,251-381-9891
Halfhead,Lesley,642-109-8455
Halfhead,Willette,736-341-3960
Hallin,Mikol,859-930-0116
Hallowes,Tiffie,668-443-7248
Hallut,Nessy,174-925-4409
Hamman,Nessie,793-763-2085
Hammerton,Rebekkah,634-662-5622
Handrick,Benedetta,924-735-5127
Hannaford,Ethan,828-177-4765
Hanselmann,Early,446-769-2870
Harback,Inger,156-588-8905
Hardison,Dulce,346-972-1952
Hargroves,Tobe,553-513-9754
Harriday,Orazio,182-750-0276
Harrisson,Dimitri,574-631-5478
Harry,Samara,262-290-5229
Harryman,Joya,564-287-4699
Hartus,Ellene,635-111-7496
Haucke,Kristien,443-804-8144
Haug,Pincus,846-444-0781
Havard,Benyamin,439-776-4030
Hearson,Winn,958-721-1301
Heart,Filippa,716-682-2957
Hegge,Murry,621-277-8917
Heggison,Briggs,373-770-1434
Heinish,Irwinn,179-219-5022
Hemphrey,Stephen,759-685-8167
Hengoed,Silas,765-402-1428
Heningham,Carmencita,564-686-7505
Henworth,Goddard,209-836-4523
Heys,Pavia,839-923-7337
Heyward,Udell,693-211-2028
Higgonet,Archer,253-257-4693
Hilhouse,Valencia,279-262-1246
Hissie,Nert,789-655-7568
Hofler,Katharina,303-885-0630
Holcroft,Sutherland,223-231-7908
Hoodless,Frannie,483-182-6728
Horbath,Scotty,208-845-7739
Horche,Thom,893-999-7751
Hourstan,Tarrah,320-716-1867
How,Lyndsay,217-718-7061
Howells,Maryann,290-189-7523
Howselee,Kacy,236-559-6400
Hoy,Domingo,430-293-0395
Hoyes,Guido,589-445-5082
Huffey,Farlee,197-303-0048
Hulatt,Martainn,966-507-3587
Hulls,Nikola,454-122-7515
Humbles,Lilly,762-768-8338
Hundley,Marina,553-534-0187
Hunte,Letisha,941-518-5330
Hurley,Xenia,469-399-5624
Hyde,Creigh,932-809-2529
Iacovides,Darla,175-470-3697
Iddiens,Reece,591-680-3050
Iddon,Abdel,520-308-6305
Ierland,Dmitri,544-458-9725
Iiannone,Osmond,829-395-3409
Ilchuk,Donelle,442-634-6022
Ilyinski,Gaylor,480-553-1120
Inworth,Keriann,267-238-2693
Irce,Christoffer,911-187-3697
Ivanyukov,Jonis,138-994-2168
Ivers,Noreen,305-888-8708
Jacob,Lauren,460-912-2364
Jacquemard,Kevan,409-325-8367
Jacquet,Lilia,504-119-0182
Jakubowicz,Neale,577-665-5510
Jancso,Sydney,733-281-8905
Janikowski,Land,778-332-8807
Jean,Trstram,872-581-2820
Jeandon,Ham,542-940-5109
Jeary,Halley,248-856-6942
Jedrzejkiewicz,Fernandina,373-323-7901
Jefferies,Anabelle,716-205-0933
Jehan,Debor,538-264-4775
Jennison,Peg,183-631-3186
Jerger,Brooks,915-985-9086
Jewson,Joscelin,447-781-0340
Jirak,Saundra,333-476-2828
Johantges,Horten,934-757-1745
Johnsson,Etty,219-981-4459
Josiah,Stacy,259-122-1825
Joskowitz,Alexandre,411-405-4480
Jostan,Beatrice,906-621-6447
Kaminski,Reese,467-559-1329
Karmel,Willamina,927-116-8610
Kasting,Gratia,936-510-0731
Kaubisch,Bastien,550-759-5081
Keele,Ruby,439-444-7222
Keiling,Francis,615-550-5464
Kelberer,Dunn,277-615-0514
Kemmons,Selinda,973-389-1829
Kenneford,Alberto,205-158-7793
Kennelly,Mike,662-195-8168
Kennewell,Kendell,147-887-7821
Kerfoot,Wilfred,747-669-7662
Kerswill,Morlee,879-967-3474
Kesterton,Aeriel,100-954-3531
Kestin,Stan,929-485-3110
Kettel,Christan,182-617-0842
Kiellor,Richardo,846-798-5620
Kilbee,Bobby,583-269-4746
Kilmary,Gertrud,806-918-7394
Kingescot,Cecelia,526-945-3994
Kingescot,Cyrillus,275-930-8323
Kinglesyd,Myrlene,692-878-9782
Kingswell,Winston,285-130-7236
Kittredge,Veronika,464-791-2873
Klehyn,Sterne,166-803-6852
Kleinschmidt,Cicely,799-304-9571
Klement,Peyton,256-757-6540
Kliment,Dene,674-995-0970
Klimus,Dyann,773-811-7473
Klouz,Francisco,676-841-1981
Kmicicki,Marlyn,237-252-0847
Knevett,Bab,577-400-4289
Kobel,Gwennie,131-106-4511
Kobiela,Karalynn,529-946-5053
Kobke,Faulkner,358-419-5101
Kobke,Nikki,167-867-8477
Korneichik,Latrena,900-386-2860
Kuhnwald,Kliment,267-697-1032
Kulver,Lorens,832-306-4265
Kurten,Scarface,649-803-4454
Kyllford,Genevieve,292-145-9343
Kynge,Cyndy,315-361-4385
Kyte,Marilin,867-240-5640
Labusquiere,Marjy,497-118-9718
Lacrouts,Che,193-468-9851
Laden,Loreen,700-790-1236
Lakenden,Aura,177-725-6510
Lamprey,Cross,617-509-5422
Lancett,Pippo,347-201-5410
Lang,Stacee,881-157-4308
Langfield,Kenn,382-256-7437
Lanning,Jaclyn,151-716-9907
Lansbury,Elisha,282-218-5397
Lantoph,Ivy,487-809-1502
Lantuffe,Lion,839-384-9384
Larwood,Kassandra,430-894-8201
Lashford,Ede,190-196-6030
Laurencot,Kristien,248-804-5848
Lauritzen,Clayborne,567-113-3354
Lavalde,Angeline,298-959-6735
Laviss,Arlen,223-513-1467
Lawly,Flynn,398-916-7000
Le Grove,Avril,209-532-3284
Leader,Delmor,322-404-4535
Leatham,Shermie,976-247-1344
Leckie,Nanine,363-249-6705
Lecky,Delphine,542-928-1897
Ledes,Clari,114-262-3256
Ledur,Somerset,113-570-8698
Lehrer,Sloan,880-608-3822
Lehrian,Mick,962-715-7785
Leidl,Rob,245-597-5155
Lemmertz,Valerie,274-968-6034
Lennarde,Moina,811-414-0992
Leslie,Robbert,661-437-8490
Leythley,Trace,385-245-1899
Lidgerton,Melodee,532-309-0946
Liebrecht,Fabiano,937-408-5009
Ligerton,Myrta,846-136-2916
Lilleyman,Elly,761-133-1055
Limerick,Rodd,275-478-1083
Lind,Joaquin,150-367-1810
Lindenman,Susanna,387-408-6808
Linnock,Marga,202-428-8781
Littleproud,Alexandra,243-921-0263
Lockhart,Jerri,874-371-3876
Longo,Nerty,527-936-6110
Lonnon,Wendi,650-317-7288
Loren,Linette,321-316-7345
Loseby,Bordy,179-492-8485
Loseke,Thomasin,845-172-9482
Loud,Tedda,991-595-3214
Love,Emmye,643-353-2003
Loveland,Jeanine,725-669-4644
Lovering,Zacharia,835-677-3385
Lowin,Gabriel,454-887-4530
Lozano,Lyn,493-720-2969
Luard,Marcelline,341-965-6850
Lyford,Mauricio,760-381-5710
Maben,Hertha,541-768-6646
MacAlpine,Ollie,716-488-2577
MacAndie,Fancy,775-514-8573
MacAnespie,Shanna,121-289-6634
MacArd,Laina,685-290-8723
MacCall,Meredith,739-270-7136
MacDuffie,Bevvy,837-129-3011
MacDunlevy,Nadine,643-962-3377
MacElholm,Fernandina,274-224-7680
MacGebenay,Giorgi,798-389-3226
MacGiany,Demetre,126-265-8559
MacGillacolm,Holly,627-747-8985
MacInerney,Tobit,519-944-6403
MacNeil,Benni,643-451-3087
MacPake,Lion,229-578-3438
Mackison,Kissie,993-746-3322
Maddern,Annabel,370-904-1810
Madgewick,Renata,559-787-0952
Maguire,Hiram,880-459-5991
Maleham,Kirsten,415-619-5322
Malenoir,Kaylyn,876-285-9539
Mallia,Annmarie,535-930-6408
Manssuer,Blisse,472-105-0343
Marc,Rebecka,677-506-4647
Marcum,Andriette,913-643-6683
Marioneau,Junina,234-285-5954
Marshallsay,Vicki,203-375-5622
Masarrat,Ginni,651-682-7437
Masi,Truda,176-167-5432
Matejic,Herby,609-199-2348
Mathissen,Lona,691-333-5924
Matterson,Gram,601-773-2632
Mattisson,Garth,709-308-1673
Mayer,Caresse,646-801-6416
Mayling,Michaela,483-169-1561
Maytom,Shannah,135-445-8413
Mayward,Dunn,174-319-6506
Mc Carroll,Erich,531-633-7824
McConnachie,Sly,927-591-3478
McCroft,Hardy,159-312-1502
McCullough,Papagena,255-520-4984
McDermott,Dev,284-488-2118
McDermott,Jackquelin,441-348-2948
McDonogh,Edy,449-772-7829
McDougall,Elena,451-895-0784
McDyer,Aldus,348-753-2160
McFarland,Sholom,515-697-6440
McGauhy,Cord,157-751-3079
McGorley,Mitch,177-685-2115
McIlriach,Anne-corinne,229-525-8656
McKerrow,Vincents,931-769-1440
McLaine,Fletcher,264-768-1340
McNeilley,Aurlie,842-482-5065
McOnie,Ignacio,138-792-1166
McPhillimey,Minerva,859-718-4336
McRill,Fredi,244-883-2581
McShea,Haley,823-878-6985
McSperron,Morganne,464-546-0876
McVeigh,Billy,459-594-2254
Medlen,Lea,991-986-4005
Melan,Stanislaus,989-700-1600
Melato,Leona,722-204-7799
Meriot,Ruthanne,713-175-5356
Mickan,Evyn,870-712-7962
Middle,Aggie,643-396-1445
Midlane,Nara,938-188-4756
Milburn,Lucilia,573-131-1652
Millins,Nanine,975-187-2371
Millmoe,Louella,629-179-1404
Milmoe,Tiff,700-467-9686
Milsap,Elisabet,467-723-4178
Minigo,Tait,214-215-0450
Minto,Gabriela,574-532-9951
Mitro,Deanne,990-619-6078
Mityashin,Simonette,620-669-0912
Monahan,Valery,860-495-9503
Moneypenny,Ede,354-478-9956
Monteith,Rosy,509-677-6872
Morrell,Arlen,386-441-4746
Moss,Rivkah,349-360-1902
Mottershead,Sullivan,687-593-3124
Mougenel,Nonna,659-666-1961
Moye,Vanya,514-199-8362
Mullord,Bancroft,619-828-0899
Munn,Devan,907-552-0188
Murdy,Grantham,950-754-4093
Murrill,Davis,114-986-6350
Musgrove,Any,128-586-3856
Mussolini,Dede,512-315-8893
Mutimer,Fionna,734-562-3883
Nemchinov,Ulrike,997-496-8261
Ness,Worth,610-955-7930
Nester,Myrah,242-435-2006
Newrick,Nealy,618-446-1044
Nice,Susanetta,461-319-6975
Northridge,Brunhilde,910-866-9172
Northridge,Inez,554-165-6220
Norvill,Britney,889-837-6692
Nowaczyk,Elie,132-295-8978
Nyles,Garry,263-806-9137
O'Brogan,Kile,141-654-7206
O'Dogherty,Isabella,352-245-9815
O'Dogherty,Nicolette,836-902-1212
O'Dowd,Velvet,412-831-8451
O'Glessane,Abbott,164-978-2129
O'Hannay,Corenda,424-213-9719
Oakland,Brok,598-975-5551
Obin,Dyann,613-979-0502
Oldford,Donavon,633-143-1756
Oldham,Gilberte,252-605-2604
Ondrak,Robinet,423-421-2536
Onraet,Myrtice,717-934-7404
Oram,Ad,416-664-7657
Orgill,Hester,703-381-3393
Oris,Alfredo,147-553-1374
Orr,Aron,769-164-6925
Orta,Lauraine,371-254-6978
Orys,Ros,357-314-1254
Osgarby,Gabi,260-589-1763
Osgodby,Shawna,924-919-0766
Osman,Laney,626-886-9903
Osmond,Sauveur,242-473-8172
Otteridge,Cordie,590-901-5938
Outridge,Katti,214-807-7554
Ovendon,Joell,854-491-7408
Oxbie,Lindi,860-742-3176
Pady,Lyndy,202-389-4336
Pally,Dixie,752-849-6396
Parkeson,Gardie,318-487-3975
Parlot,Robyn,535-260-9060
Parres,Leonerd,734-695-3809
Parvin,Ranee,679-912-8568
Paskerful,Ogden,815-985-4419
Pate,Bernadina,349-879-1516
Patnelli,Joscelin,931-883-9693
Paton,Callean,359-948-0035
Patridge,Zebulen,343-299-3340
Pattison,Jarad,150-588-0552
Pechet,Staci,507-864-8837
Pedrollo,Charita,323-647-1567
Peirce,Devonna,649-186-8983
Pelzer,Steve,589-646-5494
Pena,Felecia,397-992-9981
Pennaman,Drusie,753-564-4916
Penrice,Aubrey,653-716-7921
Peplay,Jone,747-762-4017
Perigeaux,Saba,750-475-0956
Petegre,Trula,850-580-6141
Petersen,Jeffrey,595-637-9964
Petranek,Amerigo,352-998-0361
Petti,Baron,515-402-9470
Petto,Zachariah,497-774-3283
Phayre,Bevin,976-876-3950
Phippard,Ambros,222-241-2980
Phizackarley,Cleve,668-884-0050
Pickford,Kaycee,562-613-8747
Pidduck,Virgil,572-201-3532
Pilgram,Alyss,555-131-9280
Pilsworth,Marsh,608-655-7977
Pimerick,Leighton,478-456-9680
Pinches,Giuseppe,501-212-0270
Pinckstone,Serena,246-721-1130
Pinwell,Jaimie,423-875-5646
Piscopo,Eran,466-615-2987
Pittle,Johnna,915-350-7961
Plevin,Llywellyn,508-651-2264
Polon,North,320-712-5841
Ponceford,Glynis,454-498-4322
Posen,Sandy,105-659-9754
Pownall,Clemmie,743-818-6176
Poyntz,Alysia,118-100-8061
Prahm,Manya,587-392-8456
Prescot,Floris,753-115-0811
Preston,Sisely,919-646-1725
Prickett,Magnum,985-588-7559
Priden,Orelie,931-639-8776
Prott,Tore,627-743-5700
Prowting,Rutherford,173-625-2714
Puttick,Gertrud,807-215-8632
Pycock,Maurizio,505-360-2070
Quarterman,Jaquelin,493-240-2829
Quelch,Noemi,918-629-2475
Queripel,Katherina,421-362-3850
Quidenham,Jillie,335-532-8237
Quirke,Nerte,870-927-4570
Radke,Deina,606-356-7667
Rainon,Karna,337-795-8556
Rainville,Gilemette,854-128-1689
Ramel,Pavia,471-305-6774
Randerson,Mal,824-522-2195
Ransom,Lynnet,782-343-6749
Rawle,Alanson,776-310-0201
Reder,Raoul,101-228-0368
Redihalgh,Brianna,227-279-1023
Reding,My,176-291-4720
Redish,Ramsey,458-787-0850
Regler,Amy,797-337-9370
Rego,Hilde,669-941-3979
Reihill,Gib,502-213-9636
Remmers,Elvyn,914-439-1428
Rennix,Candace,676-954-9340
Rennox,Brandea,480-188-2324
Restieaux,Giavani,432-932-0176
Revens,Maddalena,628-636-5515
Rhoades,Donalt,216-159-2329
Riccardo,Julia,495-842-5759
Ricciardo,Caty,350-611-1135
Ridder,Em,717-638-4761
Rockall,Evie,425-773-6423
Rockhill,Aileen,569-352-5125
Roddick,Hadleigh,483-553-2519
Roke,Fara,247-651-4483
Rosenkrantz,Lanae,641-578-2993
Rosevear,Bourke,404-877-8500
Roskrug,Caldwell,152-216-6082
Rothera,Kate,103-897-2246
Rothwell,Richardo,702-349-7848
Roulston,Erich,334-933-6032
Rouse,Reese,153-815-8933
Rousell,Tiffany,961-895-4894
Rowlings,Juieta,566-157-5804
Russ,Aurelia,572-143-4948
Russilll,Theodor,565-686-9868
Rust,Shirline,987-593-6161
Rustidge,Carlos,397-787-8736
Rycraft,Daryn,823-219-4801
Salzburger,Barb,598-665-7322
Sammon,Pandora,681-949-4656
Samuel,Bryanty,985-733-6975
Samways,Gan,483-488-2797
Samwyse,Valentijn,521-736-5089
Sange,Sharon,517-259-1503
Sangwin,Krisha,169-803-9497
Sanham,Imojean,315-372-4468
Sargerson,Jamima,567-606-0019
Saterweyte,Norry,615-331-6610
Saull,Julia,619-336-2579
Saulter,Christian,968-890-4990
Saur,Gan,267-894-6617
Sawkin,Nefen,197-977-3262
Scanlan,Querida,610-528-7666
Scatchar,Mary,398-399-8016
Schistl,Valeda,114-989-3395
Scholes,Fayre,353-329-0403
Schoolcroft,Cornelle,849-178-8615
Schwartz,Tate,825-891-3756
Scini,Brockie,152-492-1312
Scrymgeour,Moselle,238-827-7283
Scutt,Torey,241-739-9095
Seebert,Katha,934-289-4251
Seger,Edythe,501-592-3063
Senter,Boigie,215-436-5026
Seven,Jack,735-984-1972
Shailer,Delilah,313-464-6588
Shanks,Edita,482-507-2054
Shard,Laurie,350-345-7268
Sharpin,Basilio,828-442-3668
Sharples,Jess,626-853-9181
Shergill,Huntington,677-925-1362
Shurrock,Abramo,865-598-3995
Sidworth,Christophorus,347-363-9733
Simants,Amil,771-198-5750
Simes,Isidore,512-782-3916
Simoneton,Carolin,881-726-1330
Simpole,Jackson,378-403-9018
Simpson,Isiahi,304-211-3584
Sink,Valentijn,191-714-0872
Sisneros,Kalle,874-411-1657
Sissland,Tawnya,276-789-5448
Skacel,Fawn,552-651-3573
Skarman,Itch,178-431-7568
Skeech,Sadie,964-823-2770
Skeeles,Allie,210-819-4202
Skett,Louise,250-488-9195
Skillett,Thorny,960-883-1500
Skittrall,Micki,571-229-3315
Slateford,Annabella,444-189-4320
Slimings,Letta,332-630-9047
Smales,Kliment,521-207-8559
Smaling,Melania,458-993-0692
Smillie,Rafael,253-265-4522
Smurthwaite,Aile,519-494-5452
Snary,Job,816-141-5335
Snazel,Chad,745-467-4416
Soares,Brigit,551-571-7746
Sofe,Teodoor,496-873-3118
Songest,Susannah,902-783-7444
Sowden,Bradly,518-977-8067
Spark,Albertina,444-489-8040
Spear,Carin,612-849-5584
Speerman,Jude,765-314-1854
Spellward,Ardelle,521-427-3215
Spiers,Corina,990-210-9616
Spileman,Kyla,978-908-8930
Spindler,Merrily,318-498-8669
Spore,Angie,939-894-2056
Spores,Tiffie,189-500-3479
Spraging,Lauri,703-772-4910
Sprake,Alma,454-426-5644
Sprowle,Krisha,858-454-8583
Sprulls,Joann,467-495-0486
Spurnier,Gene,908-702-5608
Squibe,Gwenny,541-571-9434
St Louis,Nara,793-903-4283
St. Paul,Hersch,473-149-4684
Stait,Fields,115-622-8650
Stapford,Vinny,491-123-0529
Stayte,Sibyl,695-239-0513
Steers,Free,946-274-7497
Stegers,Alyda,598-116-7806
Stegers,Georgiana,453-765-7039
Stenbridge,Naomi,955-791-6834
Steutly,Ranee,716-362-9975
Stickels,Denny,421-664-6364
Stirrup,Peg,434-835-9564
Stocken,Abagail,854-923-6988
Stokoe,Averil,727-916-0780
Stolberg,Leroy,747-452-4156
Stolli,Beatrisa,109-966-7566
Stollsteiner,Annabelle,918-569-1214
Stoner,Malvina,519-510-6577
Stratiff,Honor,913-194-0655
Strelitzer,Quinlan,833-731-0199
Stud,Anastassia,636-398-0278
Stuttman,Glen,402-357-2943
Summergill,Bertie,667-491-4885
Sumshon,Evin,941-749-6572
Surcomb,Eloise,225-125-0242
Surgeoner,Bent,950-156-9605
Swancott,Anabel,295-419-1206
Swendell,Lindsay,615-797-0500
Swinburn,Binnie,683-611-6508
Syde,Boycie,282-720-7113
Taffee,Brade,841-234-6066
Tatlowe,Tate,498-597-1159
Tavernor,Amara,153-287-1771
Tayt,Dagmar,925-879-1726
Teasey,Tatum,580-611-4683
Terrans,Kara-lynn,355-311-3905
Thomke,Duky,315-715-3451
Thornhill,Gabriela,750-612-3601
Thornley,Doug,779-970-5959
Thuillier,Morgen,677-548-1160
Tibb,Janna,320-628-0457
Tingey,Saul,407-305-8090
Tipper,Dominique,112-793-7816
Titlow,Pru,423-549-1884
Todarini,Konstantin,693-106-9681
Tolcher,Aubrey,727-978-0588
Tolerton,Nolana,990-637-1738
Tomaino,Sterne,271-712-7388
Tomasutti,Beryle,105-396-3448
Tonkin,Fabian,843-928-2425
Tooze,Rosabella,416-694-4955
Torald,Zorine,917-748-3518
Tott,Loutitia,352-185-9352
Totton,Ariella,484-311-3016
Totton,Kennett,872-650-1826
Traher,Kerstin,142-761-2543
Tregea,Minerva,478-847-7549
Tregust,Liesa,955-578-9705
Tremmil,Lonni,595-230-6123
Trimming,Nonah,328-189-6036
Tring,Heinrik,687-716-6340
Trodler,Andres,962-176-2821
Trorey,Calli,938-835-0087
Truelock,Lanna,510-237-7717
Tuffley,Corny,697-122-9527
Tuftin,Elbertine,243-682-6694
Tuminini,Clint,708-869-3285
Turmall,Torrin,432-408-6206
Twell,Shelden,689-823-3181
Twinborne,Georg,217-914-9436
Tyers,Cos,394-992-6408
Tytterton,Shandy,911-936-4699
Ughelli,Woodie,426-970-0089
Valentine,Zola,139-895-3170
Van Waadenburg,Ingar,444-395-3638
Van der Linde,Dave,739-255-2047
Vanetti,Donnie,254-150-6370
Varney,Raine,900-169-2809
Vasilevich,Darrick,609-771-9027
Veal,Holt,182-754-5958
Vedyasov,Ario,405-164-9707
Vernon,Rowena,981-989-7648
Viccary,Gearalt,616-238-4073
Vinten,Delmar,117-631-4334
Vlach,Maddie,924-782-4299
Vlahos,Glendon,759-293-5670
Vobes,Payton,853-905-9445
Vondracek,Cazzie,231-746-9356
Vost,Janifer,360-691-4699
Wakeley,Myrilla,789-308-8937
Wasiel,Eliot,655-674-9733
Wasielewicz,Thea,544-686-7781
Wastling,Saxon,848-792-3746
Wauchope,Kristel,352-203-7025
Waylen,Kelsey,174-323-6558
Wayper,Blanch,571-382-9450
Waything,Moreen,701-354-1325
Weare,Nelie,630-978-2229
Westmoreland,Bambie,159-588-2350
Whacket,Carlie,257-240-1082
Whelan,Guido,150-308-7854
Whelpton,Maurita,414-520-8416
Whiteley,Ally,417-570-3758
Whitelock,Marilyn,664-963-0424
Whorton,Mandel,697-249-6081
Whyteman,Wat,257-574-5788
Widdows,Idette,914-444-7980
Wigan,Elijah,133-831-1916
Wilsher,Hank,529-217-1311
Winter,Kippie,230-187-7530
Winward,Sara,826-735-5721
Withnall,Wendi,134-278-2172
Wivell,Hilary,359-440-3437
Wixon,Danny,902-247-3721
Woodburne,Liuka,107-225-8864
Woodlands,Winni,747-598-1046
Worrell,Anette,840-416-2713
Wort,Marika,754-683-7138
Wren,Gamaliel,529-733-3565
Yakebowitch,Manny,143-421-2430
Yandell,Nessa,441-889-6200
Yedy,Nikos,590-303-8676
Yerborn,Aylmer,926-237-6740
Yurocjhin,Haley,612-175-3949
Yve,Gregory,425-464-1761
Zeale,Martha,794-346-1701
Zoppie,Orelia,294-582-9097
Zorzini,Maurie,608-698-1801
Zuan,Gale,693-471-6281
Zucker,Eddi,536-848-1760
de Marco,Sianna,587-422-2967
