Mickan,Evyn,870-712-7962
Spurnier,Gene,908-702-5608
Petersen,Jeffrey,595-637-9964
Gergolet,Angeline,672-516-1353
Filyukov,Westleigh,683-554-2264
McNeilley,Aurlie,842-482-5065
Parvin,Ranee,679-912-8568
Kingescot,Cyrillus,275-930-8323
Skittrall,Micki,571-229-3315
Queripel,Katherina,421-362-3850
Oris,Alfredo,147-553-1374
Howells,Maryann,290-189-7523
Leythley,Trace,385-245-1899
Johantges,Horten,934-757-1745
Maben,Hertha,541-768-6646
Wixon,Danny,902-247-3721
Mayward,Dunn,174-319-6506
Farleigh,Lesli,196-709-0369
Lehrer,Sloan,880-608-3822
Dovidian,Darice,369-562-1528
MacDuffie,Bevvy,837-129-3011
Wort,Marika,754-683-7138
Huffey,Farlee,197-303-0048
Hallut,Nessy,174-925-4409
Demko,Burty,229-160-9265
Goskar,Porter,472-526-6806
Destouche,Brooke,455-898-4803
Sangwin,Krisha,169-803-9497
Mityashin,Simonette,620-669-0912
Dallas,Felecia,841-185-3507
Karmel,Willamina,927-116-8610
Bartalini,Jed,977-646-4000
Abelov,Leandra,120-691-1578
Gerrish,Thorpe,262-818-1164
Brotheridge,Gordan,747-877-5670
Goullee,Kimmie,957-516-8602
Kerfoot,Wilfred,747-669-7662
Ricciardo,Caty,350-611-1135
Pedrollo,Charita,323-647-1567
Tuminini,Clint,708-869-3285
Love,Emmye,643-353-2003
Barfoot,Kip,736-138-1310
Ponceford,Glynis,454-498-4322
Dansie,Lissi,382-538-8860
Balbeck,Ezri,572-136-4937
Danilchenko,Darby,647-479-2932
Pena,Felecia,397-992-9981
McKerrow,Vincents,931-769-1440
Redish,Ramsey,458-787-0850
Halfhead,Lesley,642-109-8455
Gimblett,Hal,206-763-7916
Iddiens,Reece,591-680-3050
Kurten,Scarface,649-803-4454
Aime,Cynthy,197-967-5209
Currington,Lindsey,244-329-2933
Dobbie,Livvyy,465-456-2411
Wayper,Blanch,571-382-9450
Kettel,Christan,182-617-0842
Harback,Inger,156-588-8905
Gillatt,Layne,651-636-9395
Morrell,Arlen,386-441-4746
Worrell,Anette,840-416-2713
Vondracek,Cazzie,231-746-9356
Scrymgeour,Moselle,238-827-7283
Garces,Tracie,765-798-1830
Luard,Marcelline,341-965-6850
Jacquet,Lilia,504-119-0182
Cornelisse,Guido,995-493-7466
Bartczak,Vin,760-878-2407
Samuel,Bryanty,985-733-6975
Badsworth,Grannie,461-564-8955
MacNeil,Benni,643-451-3087
Iacovides,Darla,175-470-3697
Francescotti,Lib,909-488-9651
Greenmon,Tish,562-667-4447
Medlen,Lea,991-986-4005
Tomasutti,Beryle,105-396-3448
McDyer,Aldus,348-753-2160
Drable,Rolf,759-268-8880
Bodell,Angel,182-517-7306
Baress,Merrill,826-311-2849
Croll,Teriann,197-766-5146
Kiellor,Richardo,846-798-5620
Petegre,Trula,850-580-6141
Corroyer,Peta,806-672-2205
Abramow,Muhammad,809-393-6256
Surgeoner,Bent,950-156-9605
Grocock,Travers,939-271-3967
Gwynne,Boyce,571-636-0234
Lockhart,Jerri,874-371-3876
Spindler,Merrily,318-498-8669
Dodsley,Janeva,244-115-1540
Skarman,Itch,178-431-7568
Oldham,Gilberte,252-605-2604
Pally,Dixie,752-849-6396
Onraet,Myrtice,717-934-7404
Quelch,Noemi,918-629-2475
Jewson,Joscelin,447-781-0340
Brammall,Avril,681-909-9083
Spore,Angie,939-894-2056
Castro,Van,116-351-7457
Prickett,Magnum,985-588-7559
Teasey,Tatum,580-611-4683
Daviddi,Darci,729-174-7550
Cogle,Timmi,707-498-3546
Reding,My,176-291-4720
Baughen,Tommy,632-833-3298
Dennes,Wilden,185-616-7460
Pechet,Staci,507-864-8837
Hallin,Mikol,859-930-0116
O'Glessane,Abbott,164-978-2129
Posen,Sandy,105-659-9754
Bulpitt,Decca,225-607-6018
Dresche,Denna,195-267-4530
Barrabeale,Cleve,803-555-6667
Van Waadenburg,Ingar,444-395-3638
Canlin,Killy,908-931-5892
Sawkin,Nefen,197-977-3262
Quarterman,Jaquelin,493-240-2829
Loseby,Bordy,179-492-8485
Hofler,Katharina,303-885-0630
Mathissen,Lona,691-333-5924
Devoy,Hamish,435-483-3244
De Hooch,Leola,337-450-1880
McVeigh,Billy,459-594-2254
Berens,Roxanna,120-767-4003
Pady,Lyndy,202-389-4336
Fawssett,Geordie,379-129-4283
Vlach,Maddie,924-782-4299
Dilon,Livia,214-542-8086
Kenneford,Alberto,205-158-7793
Lakenden,Aura,177-725-6510
Enga,Lani,750-402-1022
Thomke,Duky,315-715-3451
Bramhall,Viole,328-927-1748
McSperron,Morganne,464-546-0876
Antognetti,Ailis,197-327-4030
Gilligan,Fons,969-327-7079
Hamman,Nessie,793-763-2085
Higgonet,Archer,253-257-4693
Heys,Pavia,839-923-7337
Moye,Vanya,514-199-8362
Jean,Trstram,872-581-2820
Monteith,Rosy,509-677-6872
Goodere,Vilma,518-333-3232
Lind,Joaquin,150-367-1810
Casarini,Cassandre,792-962-5518
Rustidge,Carlos,397-787-8736
Prescot,Floris,753-115-0811
Oldford,Donavon,633-143-1756
Anney,Chelsea,843-935-3801
Maytom,Shannah,135-445-8413
Phayre,Bevin,976-876-3950
Hulls,Nikola,454-122-7515
Hourstan,Tarrah,320-716-1867
Kestin,Stan,929-485-3110
Fallows,Lorens,727-790-1871
Saulter,Christian,968-890-4990
Yerborn,Aylmer,926-237-6740
Arnout,Garrott,317-302-2983
Gregolotti,Kennedy,786-845-0830
Harryman,Joya,564-287-4699
Balden,Norrie,251-361-6332
Goundsy,Burgess,552-994-4224
Hemphrey,Stephen,759-685-8167
Brunker,Tyne,615-738-8357
Dearing,Samara,329-717-4758
Smaling,Melania,458-993-0692
Aronowitz,Damian,355-700-6789
Jirak,Saundra,333-476-2828
Skacel,Fawn,552-651-3573
Guillond,Rory,959-321-2375
Sargerson,Jamima,567-606-0019
Grishaev,Pascale,701-685-8725
Barwood,Mill,939-324-4636
Caberas,Stanleigh,366-315-3485
Haggarty,Olivette,554-336-6758
Mutimer,Fionna,734-562-3883
Gledstane,Carlota,891-741-0759
Capponeer,Giulia,393-977-8451
Skeech,Sadie,964-823-2770
Blagden,Westbrooke,923-254-8317
Skeeles,Allie,210-819-4202
Spileman,Kyla,978-908-8930
MacCall,Meredith,739-270-7136
O'Dogherty,Nicolette,836-902-1212
Rothwell,Richardo,702-349-7848
Halfhead,Willette,736-341-3960
McDougall,Elena,451-895-0784
Millins,Nanine,975-187-2371
Osgarby,Gabi,260-589-1763
Monahan,Valery,860-495-9503
Goseling,Vevay,406-440-9157
Tolerton,Nolana,990-637-1738
Tingey,Saul,407-305-8090
Spark,Albertina,444-489-8040
Orr,Aron,769-164-6925
Beggi,Duane,949-950-2340
Scini,Brockie,152-492-1312
Beynon,Jenny,874-746-7972
Withnall,Wendi,134-278-2172
Leckie,Nanine,363-249-6705
Whelan,Guido,150-308-7854
Rust,Shirline,987-593-6161
Milburn,Lucilia,573-131-1652
Coldwell,Gav,418-259-0392
Coldridge,Gates,239-906-7262
Stegers,Georgiana,453-765-7039
MacDunlevy,Nadine,643-962-3377
Lowin,Gabriel,454-887-4530
Kingescot,Cecelia,526-945-3994
Melan,Stanislaus,989-700-1600
Rousell,Tiffany,961-895-4894
Prott,Tore,627-743-5700
Phippard,Ambros,222-241-2980
Traher,Kerstin,142-761-2543
Bussens,Farrell,214-744-8208
Tayt,Dagmar,925-879-1726
McGauhy,Cord,157-751-3079
Fielden,Urson,764-595-3946
Tuftin,Elbertine,243-682-6694
Swendell,Lindsay,615-797-0500
Rego,Hilde,669-941-3979
Marc,Rebecka,677-506-4647
Millmoe,Louella,629-179-1404
Reihill,Gib,502-213-9636
Kliment,Dene,674-995-0970
Dauney,Cos,375-738-5589
Thornley,Doug,779-970-5959
Geekie,Berny,796-824-6757
Simoneton,Carolin,881-726-1330
Goodburn,Stearne,636-103-0488
Angelo,Augie,646-205-0894
Freeman,Ardra,136-886-6139
Corstan,Benn,611-408-2632
Chable,Donaugh,315-112-4779
Cullotey,Vale,374-600-7430
Govenlock,Derrik,661-556-9572
Marioneau,Junina,234-285-5954
Devlin,Bentley,678-182-2294
Edland,Evangelina,437-286-3147
Gallager,Hirsch,670-920-5588
Pinches,Giuseppe,501-212-0270
Stoner,Malvina,519-510-6577
Charley,Bertrand,721-197-3054
Whiteley,Ally,417-570-3758
Shard,Laurie,350-345-7268
Crichten,Portia,909-889-9409
De Goey,Barr,180-956-3852
Smillie,Rafael,253-265-4522
Tipper,Dominique,112-793-7816
St. Paul,Hersch,473-149-4684
Kilmary,Gertrud,806-918-7394
Seger,Edythe,501-592-3063
Steers,Free,946-274-7497
Viccary,Gearalt,616-238-4073
Bowfin,Anastasie,979-879-9335
Elegood,Schuyler,944-922-7186
Todarini,Konstantin,693-106-9681
Cushworth,Leonhard,118-360-0269
Pattison,Jarad,150-588-0552
Blackden,Conny,869-906-4739
Horbath,Scotty,208-845-7739
Garfath,Nicola,398-483-7692
Beeckx,Michael,676-423-1864
Outridge,Katti,214-807-7554
Puttick,Gertrud,807-215-8632
Culwen,Shana,611-426-6112
Bradford,Filide,650-407-4159
O'Dowd,Velvet,412-831-8451
Godlip,Arline,274-784-0230
Girt,Eirena,397-643-3120
Pickford,Kaycee,562-613-8747
Collumbell,Kiley,131-519-0557
Rhoades,Donalt,216-159-2329
Tott,Loutitia,352-185-9352
Everton,Lesly,481-856-9852
De Biasi,Joanna,987-887-7084
Ness,Worth,610-955-7930
Roddick,Hadleigh,483-553-2519
Hoy,Domingo,430-293-0395
Trorey,Calli,938-835-0087
Senter,Boigie,215-436-5026
Ondrak,Robinet,423-421-2536
Conan,Ferdinand,665-589-2699
Rycraft,Daryn,823-219-4801
Vanetti,Donnie,254-150-6370
Kobke,Nikki,167-867-8477
Dalinder,Ryan,506-643-4047
Ivers,Noreen,305-888-8708
Kennelly,Mike,662-195-8168
McOnie,Ignacio,138-792-1166
Haucke,Kristien,443-804-8144
Divell,Mareah,908-902-8134
Balint,Reeta,504-296-0114
Conniam,Merrill,416-966-6563
Matterson,Gram,601-773-2632
Eakin,Cecilia,754-279-0201
Mayling,Michaela,483-169-1561
Ilchuk,Donelle,442-634-6022
Jefferies,Anabelle,716-205-0933
Pilsworth,Marsh,608-655-7977
Exrol,Carena,634-595-7312
Oakland,Brok,598-975-5551
McRill,Fredi,244-883-2581
Peplay,Jone,747-762-4017
Downs,Mendie,520-702-6171
Stegers,Alyda,598-116-7806
Cokly,Daffy,271-783-7174
Priden,Orelie,931-639-8776
Paskerful,Ogden,815-985-4419
Phizackarley,Cleve,668-884-0050
Ilyinski,Gaylor,480-553-1120
Spraging,Lauri,703-772-4910
Charleston,Opaline,558-566-8456
Geraldi,Issi,143-470-8354
Dudderidge,Hugh,332-992-8446
Quidenham,Jillie,335-532-8237
Marcum,Andriette,913-643-6683
Eakin,Morry,848-280-1083
Wakeley,Myrilla,789-308-8937
Camfield,Clarisse,661-967-3734
Kinglesyd,Myrlene,692-878-9782
Kasting,Gratia,936-510-0731
Arundell,Belinda,848-846-5898
Havard,Benyamin,439-776-4030
Gregoire,Demetris,995-879-7781
Rosenkrantz,Lanae,641-578-2993
Thornhill,Gabriela,750-612-3601
Leidl,Rob,245-597-5155
Rennix,Candace,676-954-9340
Heinish,Irwinn,179-219-5022
Mallia,Annmarie,535-930-6408
Henworth,Goddard,209-836-4523
Benneyworth,Marrissa,891-760-0843
Madgewick,Renata,559-787-0952
Limerick,Rodd,275-478-1083
Arnaudot,Rae,979-211-5643
Geoghegan,Ainsley,868-427-9802
Doxsey,Betsey,195-132-5093
Randerson,Mal,824-522-2195
Driscoll,Dorian,756-554-0493
Bywater,Briney,555-995-8528
Brasner,Nari,484-373-4781
Sprake,Alma,454-426-5644
Revens,Maddalena,628-636-5515
McConnachie,Sly,927-591-3478
Bleas,Eugenie,509-983-2070
Aphale,Joni,512-808-0096
Kynge,Cyndy,315-361-4385
Reder,Raoul,101-228-0368
Petranek,Amerigo,352-998-0361
Zuan,Gale,693-471-6281
Braybrooke,Sula,595-260-8340
Durtnall,Donovan,118-301-5996
Ledes,Clari,114-262-3256
Chatwin,Morissa,692-350-6414
Maddern,Annabel,370-904-1810
Liebrecht,Fabiano,937-408-5009
Winward,Sara,826-735-5721
Bunton,Pascale,140-198-4267
Samways,Gan,483-488-2797
Salzburger,Barb,598-665-7322
Ivanyukov,Jonis,138-994-2168
Lovering,Zacharia,835-677-3385
Malenoir,Kaylyn,876-285-9539
Mc Carroll,Erich,531-633-7824
Laviss,Arlen,223-513-1467
Titlow,Pru,423-549-1884
Janikowski,Land,778-332-8807
Goodfield,Weider,451-413-4004
Cullimore,Melinde,126-849-9978
Gronowe,Valdemar,166-568-5165
Varney,Raine,900-169-2809
Cust,Kirstyn,940-926-2210
McShea,Haley,823-878-6985
Keiling,Francis,615-550-5464
Gionettitti,Joyann,557-330-1431
Brabyn,Mirelle,594-262-4922
Otteridge,Cordie,590-901-5938
Churm,Cam,356-414-7829
Klouz,Francisco,676-841-1981
Heggison,Briggs,373-770-1434
Arntzen,Rodie,182-838-8049
Steutly,Ranee,716-362-9975
Tooze,Rosabella,416-694-4955
Longo,Nerty,527-936-6110
Grimsdell,Lynnea,623-384-0004
Antonsen,Dorene,814-734-1904
Plevin,Llywellyn,508-651-2264
Patnelli,Joscelin,931-883-9693
Regler,Amy,797-337-9370
Filipic,Johnathan,389-384-9748
Wasielewicz,Thea,544-686-7781
Nester,Myrah,242-435-2006
Pinwell,Jaimie,423-875-5646
Milmoe,Tiff,700-467-9686
Osman,Laney,626-886-9903
Gostridge,Rosalind,584-433-0075
Sange,Sharon,517-259-1503
Dansken,Horton,452-873-5719
Sprulls,Joann,467-495-0486
Assinder,Perice,309-950-1109
Grayshon,Sibelle,866-187-5931
Yakebowitch,Manny,143-421-2430
Sowden,Bradly,518-977-8067
Gibbens,Chandra,263-516-1039
How,Lyndsay,217-718-7061
Jerger,Brooks,915-985-9086
Aloshikin,Ricky,325-837-8007
Lantoph,Ivy,487-809-1502
Cristofalo,Evie,756-325-1415
Mitro,Deanne,990-619-6078
Haug,Pincus,846-444-0781
MacAndie,Fancy,775-514-8573
Hegge,Murry,621-277-8917
Abramamovh,Geoffry,571-626-7911
Slateford,Annabella,444-189-4320
Stolberg,Leroy,747-452-4156
Woodlands,Winni,747-598-1046
Moneypenny,Ede,354-478-9956
Hammerton,Rebekkah,634-662-5622
Lehrian,Mick,962-715-7785
Heyward,Udell,693-211-2028
Czajkowski,Ninette,667-773-1419
Lacrouts,Che,193-468-9851
Josiah,Stacy,259-122-1825
Bruckner,Dosi,978-181-0492
Thuillier,Morgen,677-548-1160
St Louis,Nara,793-903-4283
Coping,Arlie,103-186-2436
Gudahy,Ruy,876-374-7953
Yedy,Nikos,590-303-8676
Dunbobbin,Sindee,975-716-4183
Rainville,Gilemette,854-128-1689
Turmall,Torrin,432-408-6206
Nice,Susanetta,461-319-6975
Zeale,Martha,794-346-1701
Smurthwaite,Aile,519-494-5452
Hengoed,Silas,765-402-1428
Midlane,Nara,938-188-4756
Smales,Kliment,521-207-8559
Dodswell,Brade,762-474-9540
Strelitzer,Quinlan,833-731-0199
Iiannone,Osmond,829-395-3409
Bauer,Idaline,454-198-5503
Whitelock,Marilyn,664-963-0424
Waything,Moreen,701-354-1325
Hardison,Dulce,346-972-1952
Minigo,Tait,214-215-0450
Yve,Gregory,425-464-1761
Spear,Carin,612-849-5584
Musgrove,Any,128-586-3856
Mussolini,Dede,512-315-8893
Kaminski,Reese,467-559-1329
Winter,Kippie,230-187-7530
Boncoeur,Adena,591-707-4920
Parres,Leonerd,734-695-3809
Cowdrey,Laurie,815-889-0622
Simpson,Isiahi,304-211-3584
Sanham,Imojean,315-372-4468
Stuttman,Glen,402-357-2943
Keele,Ruby,439-444-7222
Frankish,Van,485-708-3670
Chiese,Tim,371-537-8493
Penrice,Aubrey,653-716-7921
Roskrug,Caldwell,152-216-6082
Yandell,Nessa,441-889-6200
Epsly,Verge,903-209-4630
Bonicelli,Sherlock,426-605-1453
Ariss,Emmy,934-768-3043
Polon,North,320-712-5841
Hundley,Marina,553-534-0187
Gyurko,Brockie,779-249-7649
Veal,Holt,182-754-5958
Lashford,Ede,190-196-6030
Ledur,Somerset,113-570-8698
Hargroves,Tobe,553-513-9754
Nemchinov,Ulrike,997-496-8261
Le Grove,Avril,209-532-3284
Alabaster,Margit,594-724-5304
Dmytryk,Dulcie,440-406-8514
Epinoy,Jazmin,933-614-0315
MacAlpine,Ollie,716-488-2577
Clougher,Minnie,259-235-3293
Cage,Aguistin,999-752-9617
Furley,Magdalene,101-979-5427
Canedo,Dulce,846-314-0200
Lilleyman,Elly,761-133-1055
Patridge,Zebulen,343-299-3340
Adamovicz,Morgen,824-162-8971
Hoodless,Frannie,483-182-6728
Dunton,Quentin,983-178-2639
Samwyse,Valentijn,521-736-5089
Gibbe,Dall,797-618-3836
Seven,Jack,735-984-1972
Blazy,Hyacintha,214-803-3584
Afield,Dal,917-265-1522
Stapford,Vinny,491-123-0529
Guillond,Gleda,116-669-6300
Tavernor,Amara,153-287-1771
Eyre,Britteny,545-968-6557
Geldert,Ethel,806-759-8099
Whacket,Carlie,257-240-1082
Scholes,Fayre,353-329-0403
Lantuffe,Lion,839-384-9384
Babbs,Catina,813-978-6223
Hurley,Xenia,469-399-5624
Seebert,Katha,934-289-4251
Zucker,Eddi,536-848-1760
Hissie,Nert,789-655-7568
Vedyasov,Ario,405-164-9707
Sharples,Jess,626-853-9181
Lawly,Flynn,398-916-7000
Osgodby,Shawna,924-919-0766
Georgescu,Easter,443-498-9259
Iddon,Abdel,520-308-6305
Parkeson,Gardie,318-487-3975
Schwartz,Tate,825-891-3756
Chalfant,Gerti,836-225-6529
Digby,Erhart,537-722-0404
Swinburn,Binnie,683-611-6508
Fridlington,Sharl,686-639-8423
Kuhnwald,Kliment,267-697-1032
Loud,Tedda,991-595-3214
Weare,Nelie,630-978-2229
Arkin,Kit,784-253-7006
Fortye,Krystle,339-630-5515
Wren,Gamaliel,529-733-3565
Albury,Vanni,320-187-1933
Fluck,Rozamond,929-244-5155
Stolli,Beatrisa,109-966-7566
Wasiel,Eliot,655-674-9733
Mattisson,Garth,709-308-1673
Gant,Camilla,294-787-0940
Errol,Willis,340-900-0752
Cecchi,Joye,608-758-1857
Andriesse,Em,202-733-2232
Blamey,August,406-743-9456
McDermott,Dev,284-488-2118
Sofe,Teodoor,496-873-3118
Lansbury,Elisha,282-218-5397
Kmicicki,Marlyn,237-252-0847
Attlee,Samson,630-115-9294
Maleham,Kirsten,415-619-5322
Sprowle,Krisha,858-454-8583
Bradock,Cathrine,763-925-6278
MacInerney,Tobit,519-944-6403
Chadbourn,Adria,440-408-9415
Harrisson,Dimitri,574-631-5478
Lanning,Jaclyn,151-716-9907
Gladbeck,Hillery,176-731-6870
Masi,Truda,176-167-5432
Saterweyte,Norry,615-331-6610
McDermott,Jackquelin,441-348-2948
Ciubutaro,Zachary,558-436-1024
Alker,Eden,753-255-4754
Stickels,Denny,421-664-6364
Pate,Bernadina,349-879-1516
Burth,Ines,957-413-3417
Trodler,Andres,962-176-2821
Stayte,Sibyl,695-239-0513
Sumshon,Evin,941-749-6572
Masarrat,Ginni,651-682-7437
Aleksidze,Bertrando,536-854-7805
Father,Charlene,918-407-3587
Laurencot,Kristien,248-804-5848
Norvill,Britney,889-837-6692
Prahm,Manya,587-392-8456
Bradder,Michelle,876-649-0042
Petti,Baron,515-402-9470
Culwen,Albert,773-104-3826
Chippendale,Mariette,154-683-3666
Vinten,Delmar,117-631-4334
Lemmertz,Valerie,274-968-6034
Ransom,Lynnet,782-343-6749
Shurrock,Abramo,865-598-3995
Northridge,Inez,554-165-6220
Gagie,Emyle,294-694-3519
Belchamp,Dani,347-123-8334
Babb,Buiron,754-874-8787
Valentine,Zola,139-895-3170
Pimerick,Leighton,478-456-9680
Meriot,Ruthanne,713-175-5356
Taffee,Brade,841-234-6066
Eltun,Ellwood,781-276-2387
Bris,Rey,988-799-5589
Mougenel,Nonna,659-666-1961
Hearson,Winn,958-721-1301
Kulver,Lorens,832-306-4265
Andresser,Guglielma,428-261-3513
Radke,Deina,606-356-7667
Avramovich,Brodie,168-289-6692
Hannaford,Ethan,828-177-4765
Awmack,Rip,398-112-7006
Hanselmann,Early,446-769-2870
Rockhill,Aileen,569-352-5125
Remmers,Elvyn,914-439-1428
Sisneros,Kalle,874-411-1657
Callery,Blakeley,278-145-6736
MacPake,Lion,229-578-3438
Andrioni,Vanna,992-161-2259
Gabbot,Ortensia,969-498-6162
Pennaman,Drusie,753-564-4916
Bortolazzi,Timofei,670-766-7894
Loveland,Jeanine,725-669-4644
Simants,Amil,771-198-5750
Glinde,Kean,646-638-5420
Jakubowicz,Neale,577-665-5510
Kennewell,Kendell,147-887-7821
Whelpton,Maurita,414-520-8416
Saull,Julia,619-336-2579
Widdows,Idette,914-444-7980
MacElholm,Fernandina,274-224-7680
O'Brogan,Kile,141-654-7206
Lancett,Pippo,347-201-5410
Gamon,Timmy,210-668-9411
Ferronier,Gunner,224-483-2233
Van der Linde,Dave,739-255-2047
Wauchope,Kristel,352-203-7025
Dilston,Thaddeus,598-984-5660
Twinborne,Georg,217-914-9436
Moss,Rivkah,349-360-1902
Saur,Gan,267-894-6617
Preston,Sisely,919-646-1725
Prowting,Rutherford,173-625-2714
Hallowes,Tiffie,668-443-7248
Ellard,Wendeline,405-324-8835
Hyde,Creigh,932-809-2529
O'Hannay,Corenda,424-213-9719
Scatchar,Mary,398-399-8016
Cadany,Godfrey,324-866-0975
MacArd,Laina,685-290-8723
Schoolcroft,Cornelle,849-178-8615
Kilbee,Bobby,583-269-4746
Grand,Conchita,226-799-1645
Cotterrill,Bertie,448-387-3271
Kobke,Faulkner,358-419-5101
Slimings,Letta,332-630-9047
Durant,Gerhardt,972-677-3569
Milsap,Elisabet,467-723-4178
Cardinale,Lela,544-591-5914
Humbles,Lilly,762-768-8338
Escoffrey,Laure,808-872-3519
Loren,Linette,321-316-7345
Ughelli,Woodie,426-970-0089
Kobel,Gwennie,131-106-4511
Stirrup,Peg,434-835-9564
Korneichik,Latrena,900-386-2860
Dargie,Maureene,209-549-3434
Andrey,Clo,219-801-9852
Ierland,Dmitri,544-458-9725
Antonov,Verile,117-667-5891
Dunkley,Marlin,994-988-6492
Heart,Filippa,716-682-2957
Fawlkes,Bradly,135-903-5970
Totton,Ariella,484-311-3016
Sink,Valentijn,191-714-0872
Vasilevich,Darrick,609-771-9027
Orta,Lauraine,371-254-6978
Tatlowe,Tate,498-597-1159
Bellingham,Laverne,493-935-0234
Heningham,Carmencita,564-686-7505
Apple,Augie,215-220-6212
Donat,Lindsey,744-262-2185
Catling,Nicko,483-978-3240
Balfe,Jorrie,623-104-9146
Mayer,Caresse,646-801-6416
Zoppie,Orelia,294-582-9097
Leslie,Robbert,661-437-8490
Bowdrey,Peadar,994-185-6575
Batman,Dav,224-689-8675
Mottershead,Sullivan,687-593-3124
Kesterton,Aeriel,100-954-3531
De Pietri,Trude,533-448-3991
Snazel,Chad,745-467-4416
Littleproud,Alexandra,243-921-0263
Averies,Ferdinande,373-299-8161
Stratiff,Honor,913-194-0655
Tregust,Liesa,955-578-9705
Sidworth,Christophorus,347-363-9733
Dillon,Amalita,545-411-5548
Galley,Carling,648-213-3535
Pinckstone,Serena,246-721-1130
Dauncey,Reilly,425-967-1177
Orys,Ros,357-314-1254
Songest,Susannah,902-783-7444
Hartus,Ellene,635-111-7496
Aizikovich,Sergio,814-843-0669
Osmond,Sauveur,242-473-8172
Leader,Delmor,322-404-4535
Truelock,Lanna,510-237-7717
Klimus,Dyann,773-811-7473
Byers,Hetti,710-839-1184
Sharpin,Basilio,828-442-3668
Ewbank,Salim,221-873-4803
Rothera,Kate,103-897-2246
Domelow,Hope,853-342-8363
McCullough,Papagena,255-520-4984
Bridal,Monte,978-372-2031
Dagnan,Logan,482-405-0422
Murdy,Grantham,950-754-4093
Stenbridge,Naomi,955-791-6834
Orgill,Hester,703-381-3393
Tremmil,Lonni,595-230-6123
Fetter,Bryana,566-418-7326
Twell,Shelden,689-823-3181
Espine,Nichole,851-322-4110
Fearne,Gran,610-585-1997
Cumberledge,Lynn,995-423-8642
Allone,Leon,917-638-0951
Melato,Leona,722-204-7799
Pilgram,Alyss,555-131-9280
Lonnon,Wendi,650-317-7288
Barthrop,Luz,753-415-0830
Rainon,Karna,337-795-8556
MacAnespie,Shanna,121-289-6634
Newrick,Nealy,618-446-1044
Easen,Bard,537-668-5614
Pycock,Maurizio,505-360-2070
O'Dogherty,Isabella,352-245-9815
Grealy,Roderick,470-862-0349
Wivell,Hilary,359-440-3437
Pownall,Clemmie,743-818-6176
Pittle,Johnna,915-350-7961
Hunte,Letisha,941-518-5330
Stait,Fields,115-622-8650
Lozano,Lyn,493-720-2969
Holcroft,Sutherland,223-231-7908
Copson,Flor,456-170-4615
de Marco,Sianna,587-422-2967
Forseith,Alexei,355-804-8579
Shailer,Delilah,313-464-6588
Bilson,Gregoire,446-625-7524
Bellefonte,Mahala,860-445-3388
Filewood,Glynis,789-304-0197
Kittredge,Veronika,464-791-2873
Irce,Christoffer,911-187-3697
MacGebenay,Giorgi,798-389-3226
Greenhalf,Brandie,868-610-8187
Crocker,Zitella,662-489-2356
Di Biasio,Shadow,554-619-6622
Casbourne,Dewain,365-253-7218
Tuffley,Corny,697-122-9527
Vernon,Rowena,981-989-7648
Jennison,Peg,183-631-3186
Grinaugh,Halley,276-462-1336
Elderbrant,Janka,952-666-6466
Abrahamovitz,Lauralee,942-229-2022
Castagneto,Steffi,157-710-2467
Cryer,Roxane,804-503-5621
Coatsworth,Tris,462-855-7352
Cancellor,Alejandrina,219-102-5694
Quirke,Nerte,870-927-4570
Dadge,Sebastian,971-273-1535
Woodburne,Liuka,107-225-8864
Munn,Devan,907-552-0188
Minto,Gabriela,574-532-9951
Rawle,Alanson,776-310-0201
Connochie,Dallas,494-418-0735
MacGillacolm,Holly,627-747-8985
Carine,Brook,348-701-7365
Delwater,Otis,849-349-0138
Westmoreland,Bambie,159-588-2350
Roke,Fara,247-651-4483
Northridge,Brunhilde,910-866-9172
Carnow,Farica,534-382-6732
Lauritzen,Clayborne,567-113-3354
Balnave,Carleen,847-217-0556
Colnett,Tori,928-644-1640
Nowaczyk,Elie,132-295-8978
Corpes,Osborn,294-349-9466
Kyllford,Genevieve,292-145-9343
Pidduck,Virgil,572-201-3532
Oxbie,Lindi,860-742-3176
Jacquemard,Kevan,409-325-8367
Jostan,Beatrice,906-621-6447
Kleinschmidt,Cicely,799-304-9571
Harry,Samara,262-290-5229
Burnage,Ailis,230-228-9025
Gummery,Viviene,127-995-1606
Inworth,Keriann,267-238-2693
Boshier,Arney,938-746-8963
Chasteau,Steffie,817-671-5316
Stud,Anastassia,636-398-0278
MacGiany,Demetre,126-265-8559
Besnard,Dulcea,492-996-4206
Lindenman,Susanna,387-408-6808
Rowlings,Juieta,566-157-5804
Clearley,Damian,231-486-8026
Devonald,Christi,333-427-2849
Epp,Oona,474-242-7333
Bensen,Sybille,798-306-4009
Skett,Louise,250-488-9195
Chateau,Cyndie,203-329-2173
Lyford,Mauricio,760-381-5710
Torald,Zorine,917-748-3518
Blare,Patti,436-227-5384
Manssuer,Blisse,472-105-0343
Leatham,Shermie,976-247-1344
Labusquiere,Marjy,497-118-9718
Lang,Stacee,881-157-4308
Oram,Ad,416-664-7657
Shanks,Edita,482-507-2054
Mullord,Bancroft,619-828-0899
Parlot,Robyn,535-260-9060
Wilsher,Hank,529-217-1311
Guillond,Arleyne,657-723-9991
Corbin,Art,532-718-1296
Armor,Britt,400-861-0823
Farryann,Sophey,853-362-4395
Spellward,Ardelle,521-427-3215
Schistl,Valeda,114-989-3395
Yurocjhin,Haley,612-175-3949
Eakeley,Yorgo,717-700-0612
Klement,Peyton,256-757-6540
Dobell,Vaughn,201-776-8226
Stocken,Abagail,854-923-6988
Horche,Thom,893-999-7751
Gribbell,Jesselyn,331-874-3686
Marshallsay,Vicki,203-375-5622
Francomb,Almeria,369-103-7626
Soares,Brigit,551-571-7746
Daine,Donnie,528-620-9381
McDonogh,Edy,449-772-7829
Freddi,Rhodia,124-982-2944
Gorhardt,Allina,252-127-0937
Creffield,Colas,553-651-1342
Matejic,Herby,609-199-2348
Axup,Bjorn,605-935-1260
Boddie,Dunstan,355-936-0589
Kaubisch,Bastien,550-759-5081
Calvert,Noel,542-869-0943
Petto,Zachariah,497-774-3283
Haig,Carie,568-875-8794
Tomaino,Sterne,271-712-7388
Belchem,Iain,442-714-4866
Shergill,Huntington,677-925-1362
Simpole,Jackson,378-403-9018
Linnock,Marga,202-428-8781
McIlriach,Anne-corinne,229-525-8656
Gowler,Leslie,498-893-4013
Beaconsall,Cordy,169-535-3148
Brandino,Vicky,112-184-0679
Jehan,Debor,538-264-4775
Trimming,Nonah,328-189-6036
Bon,Esme,895-551-9566
Squibe,Gwenny,541-571-9434
Fittes,Melina,224-328-3942
Rennox,Brandea,480-188-2324
Crawcour,Analise,328-415-4866
Redihalgh,Brianna,227-279-1023
Terrans,Kara-lynn,355-311-3905
Deneve,Felike,696-275-8346
Brundill,Ilyssa,975-505-4642
Ferrant,Moses,201-447-6307
Middle,Aggie,643-396-1445
Surcomb,Eloise,225-125-0242
Grichukhanov,Clarabelle,264-287-1460
Bullier,Zelma,815-760-3548
Cree,Chastity,390-684-3263
German,Tamarra,783-299-6028
Burnside,Jonell,824-674-0331
Maguire,Hiram,880-459-5991
Perigeaux,Saba,750-475-0956
Russ,Aurelia,572-143-4948
Kyte,Marilin,867-240-5640
Poyntz,Alysia,118-100-8061
Tytterton,Shandy,911-936-4699
Snary,Job,816-141-5335
Waylen,Kelsey,174-323-6558
Vlahos,Glendon,759-293-5670
Bernaert,Carmita,333-841-1614
Collick,Giana,273-369-4070
Kelberer,Dunn,277-615-0514
Darell,Hildagard,114-933-9741
Ghidotti,Candida,826-720-3494
Baldcock,Stanfield,226-260-9601
Langfield,Kenn,382-256-7437
Spores,Tiffie,189-500-3479
Bausmann,Byrom,428-333-3767
Chastey,Denna,188-968-8169
McCroft,Hardy,159-312-1502
Lavalde,Angeline,298-959-6735
Murrill,Davis,114-986-6350
Piscopo,Eran,466-615-2987
Knevett,Bab,577-400-4289
Totton,Kennett,872-650-1826
Aylmore,Bartholomeus,719-871-0690
Restieaux,Giavani,432-932-0176
McGorley,Mitch,177-685-2115
Vost,Janifer,360-691-4699
Kingswell,Winston,285-130-7236
Bazelle,Nikolaos,758-802-6567
McFarland,Sholom,515-697-6440
Lennarde,Moina,811-414-0992
Cuthbertson,Joye,639-413-7948
Jeary,Halley,248-856-6942
Hoyes,Guido,589-445-5082
Creebo,Ozzie,148-957-9210
Johnsson,Etty,219-981-4459
Pelzer,Steve,589-646-5494
Tring,Heinrik,687-716-6340
Downage,Casper,623-931-2635
Hailes,Zack,251-381-9891
Rockall,Evie,425-773-6423
Dhillon,Delmer,304-487-3899
Eastbury,Leroy,112-803-0547
Rosevear,Bourke,404-877-8500
Bourrel,Thibaud,536-457-8304
Bisseker,Lyda,752-864-0212
Jedrzejkiewicz,Fernandina,373-323-7901
Eckh,Catina,205-492-9836
Kemmons,Selinda,973-389-1829
Tonkin,Fabian,843-928-2425
Hulatt,Martainn,966-507-3587
Summergill,Bertie,667-491-4885
Syde,Boycie,282-720-7113
Bendley,Koralle,497-861-9611
Harriday,Orazio,182-750-0276
Paton,Callean,359-948-0035
Critchley,Darcy,444-109-2836
Stokoe,Averil,727-916-0780
Chillingworth,Adan,558-142-7286
Gwioneth,Carey,396-718-3896
Handrick,Benedetta,924-735-5127
Borthram,Levin,620-763-2827
Whyteman,Wat,257-574-5788
Stollsteiner,Annabelle,918-569-1214
Loseke,Thomasin,845-172-9482
Guys,Winn,610-561-9661
Klehyn,Sterne,166-803-6852
Russilll,Theodor,565-686-9868
Debrick,Carver,351-947-9090
Scanlan,Querida,610-528-7666
Gormley,Kristel,806-476-0705
Abry,Adiana,923-561-1253
Riccardo,Julia,495-842-5759
Sissland,Tawnya,276-789-5448
Beament,Chryste,508-979-2248
Blackaby,Trey,776-922-6143
Whorton,Mandel,697-249-6081
Larwood,Kassandra,430-894-8201
Lamprey,Cross,617-509-5422
Cassels,Daron,916-758-3128
Blesdill,Johnna,487-182-8366
Speerman,Jude,765-314-1854
Astin,Britta,468-197-3667
Drage,Anastassia,807-158-4886
Vobes,Payton,853-905-9445
Simes,Isidore,512-782-3916
Tyers,Cos,394-992-6408
Obin,Dyann,613-979-0502
Wastling,Saxon,848-792-3746
Lecky,Delphine,542-928-1897
Bunner,Clementius,444-809-9132
Skillett,Thorny,960-883-1500
Ramel,Pavia,471-305-6774
Crease,Krysta,850-422-1139
Howselee,Kacy,236-559-6400
Jeandon,Ham,542-940-5109
Erdes,Gardy,760-393-0383
Coole,Brett,327-325-7513
Laden,Loreen,700-790-1236
Jacob,Lauren,460-912-2364
McPhillimey,Minerva,859-718-4336
Callander,Calvin,548-904-7617
McLaine,Fletcher,264-768-1340
Mackison,Kissie,993-746-3322
Kobiela,Karalynn,529-946-5053
Bate,Netti,295-976-3708
Peirce,Devonna,649-186-8983
Rouse,Reese,153-815-8933
Billows,Grata,527-886-2900
Americi,Evangelia,111-714-1999
Ovendon,Joell,854-491-7408
Tolcher,Aubrey,727-978-0588
Tregea,Minerva,478-847-7549
Roulston,Erich,334-933-6032
Fintoph,Marleah,481-261-5388
Dowell,Caspar,188-137-9947
Scutt,Torey,241-739-9095
Fessier,Beret,501-345-4340
Hilhouse,Valencia,279-262-1246
Joskowitz,Alexandre,411-405-4480
Nyles,Garry,263-806-9137
Lidgerton,Melodee,532-309-0946
Abela,Gerladina,767-486-7126
Ligerton,Myrta,846-136-2916
Durban,Jaimie,716-539-2102
Ridder,Em,717-638-4761
Swancott,Anabel,295-419-1206
Zorzini,Maurie,608-698-1801
Clewlowe,Fin,513-129-8202
Spiers,Corina,990-210-9616
Kerswill,Morlee,879-967-3474
Tibb,Janna,320-628-0457
Jancso,Sydney,733-281-8905
Wigan,Elijah,133-831-1916
Sammon,Pandora,681-949-4656
